"Depth Limit","Visited Nodes","Time Taken (ms)"
"1","17","101.0"
"2","904","52.0"
"3","83243","1085.0"
"4","8270657","104781.0"
"5","789048404","1.1951641E7"
"6","227834851","4.6020263E7"
