"Depth Limit","Visited Nodes","Time Taken (ms)"
"1","6","99.0"
"2","31","6.0"
"3","400","32.0"
"4","9718","533.0"
"5","244961","10850.0"
"6","4888864","223457.0"
"7","103653719","5692434.0"
"8","316054496","6.3171752E7"
"9","316054496","6.5253057E7"
