"Depth Limit","Visited Nodes","Time Taken (ms)"
"1","6","97.0"
"2","31","16.0"
"3","400","42.0"
"4","9718","617.0"
"5","244961","11213.0"
"6","4888864","222003.0"
"7","103653719","5185529.0"
"8","316054496","5.6159528E7"
"9","316054496","5.6703567E7"
